{"cameraMode":{"drawMode":0,"name":"Shaded","section":"Shading Mode"},"sceneLighting":true,"audioPlay":false,"sceneViewState":{"showFog":true,"showMaterialUpdate":false,"showSkybox":true,"showFlares":true,"showImageEffects":true,"showParticleSystems":true},"in2DMode":false,"pivot":{"x":-2.1960530281066896,"y":4.2424397468566898,"z":-2.7341909408569338},"rotation":{"x":0.000022186713977134787,"y":0.9974946975708008,"z":-0.00030930573120713234,"w":0.07074041664600373},"size":9.199287414550782,"orthographic":false}