{"cameraMode":{"drawMode":0,"name":"Shaded","section":"Shading Mode"},"sceneLighting":true,"audioPlay":false,"sceneViewState":{"showFog":true,"showMaterialUpdate":false,"showSkybox":true,"showFlares":true,"showImageEffects":true,"showParticleSystems":true},"in2DMode":false,"pivot":{"x":-4.637416839599609,"y":0.8201023936271668,"z":-0.12380313873291016},"rotation":{"x":0.001231881440617144,"y":-0.9863906502723694,"z":0.00739806704223156,"w":0.16424775123596192},"size":16.2347354888916,"orthographic":false}